barcode,gc,n,k,homopolymer,gc_min,gc_max
AAACAACG,0.375,8,3,4,0.3,0.7
AAACACTC,0.375,8,3,4,0.3,0.7
AAACAGGA,0.375,8,3,4,0.3,0.7
AAACCAGC,0.5,8,3,4,0.3,0.7
AAACCCAA,0.375,8,3,4,0.3,0.7
AAACCTTG,0.375,8,3,4,0.3,0.7
AAACTCCT,0.375,8,3,4,0.3,0.7
AAACTGAC,0.375,8,3,4,0.3,0.7
AAACGCGG,0.625,8,3,4,0.3,0.7
AAACGTCA,0.375,8,3,4,0.3,0.7
AAACGGTT,0.375,8,3,4,0.3,0.7
AAATAGCC,0.375,8,3,4,0.3,0.7
AAATCCCG,0.5,8,3,4,0.3,0.7
AAATTCGC,0.375,8,3,4,0.3,0.7
AAATGGAG,0.375,8,3,4,0.3,0.7
AAAGACAG,0.375,8,3,4,0.3,0.7
AAAGATGC,0.375,8,3,4,0.3,0.7
AAAGCCGT,0.5,8,3,4,0.3,0.7
AAAGTAGG,0.375,8,3,4,0.3,0.7
AAAGGAAC,0.375,8,3,4,0.3,0.7
AAAGGCTA,0.375,8,3,4,0.3,0.7
AACAAACC,0.375,8,3,4,0.3,0.7
AACAATGG,0.375,8,3,4,0.3,0.7
AACACAGT,0.375,8,3,4,0.3,0.7
AACACCTA,0.375,8,3,4,0.3,0.7
AACATCAC,0.375,8,3,4,0.3,0.7
AACATGCT,0.375,8,3,4,0.3,0.7
AACAGTTC,0.375,8,3,4,0.3,0.7
AACCAGAG,0.5,8,3,4,0.3,0.7
AACCCTCC,0.625,8,3,4,0.3,0.7
AACCTACA,0.375,8,3,4,0.3,0.7
AACCGAAT,0.375,8,3,4,0.3,0.7
AACTACTG,0.375,8,3,4,0.3,0.7
AACTAGGT,0.375,8,3,4,0.3,0.7
AACTCGCA,0.5,8,3,4,0.3,0.7
AACTTTCG,0.375,8,3,4,0.3,0.7
AACTGAGA,0.375,8,3,4,0.3,0.7
AACTGCCC,0.625,8,3,4,0.3,0.7
AACGCAAA,0.375,8,3,4,0.3,0.7
AACGCTTT,0.375,8,3,4,0.3,0.7
AACGTTGA,0.375,8,3,4,0.3,0.7
AACGGACG,0.625,8,3,4,0.3,0.7
AATAACCG,0.375,8,3,4,0.3,0.7
AATAAGGC,0.375,8,3,4,0.3,0.7
AATACGAG,0.375,8,3,4,0.3,0.7
AATCCACT,0.375,8,3,4,0.3,0.7
AATCCTGA,0.375,8,3,4,0.3,0.7
AATCCGTC,0.5,8,3,4,0.3,0.7
AATCTCAG,0.375,8,3,4,0.3,0.7
AATCGGAA,0.375,8,3,4,0.3,0.7
AATTTGGG,0.375,8,3,4,0.3,0.7
AATTGCGT,0.375,8,3,4,0.3,0.7
AATGAGCT,0.375,8,3,4,0.3,0.7
AATGCATG,0.375,8,3,4,0.3,0.7
AATGCTAC,0.375,8,3,4,0.3,0.7
AATGTCCA,0.375,8,3,4,0.3,0.7
AATGGTGG,0.5,8,3,4,0.3,0.7
AAGAACGA,0.375,8,3,4,0.3,0.7
AAGAAGTG,0.375,8,3,4,0.3,0.7
AAGACCAT,0.375,8,3,4,0.3,0.7
AAGACTCG,0.5,8,3,4,0.3,0.7
AAGAGGCC,0.625,8,3,4,0.3,0.7
AAGCTCTA,0.375,8,3,4,0.3,0.7
AAGCTTGC,0.5,8,3,4,0.3,0.7
AAGCGATC,0.5,8,3,4,0.3,0.7
AAGCGTAG,0.5,8,3,4,0.3,0.7
AAGTACAC,0.375,8,3,4,0.3,0.7
AAGTCAAG,0.375,8,3,4,0.3,0.7
AAGTCTGT,0.375,8,3,4,0.3,0.7
AAGTGGTA,0.375,8,3,4,0.3,0.7
AAGGACTT,0.375,8,3,4,0.3,0.7
AAGGAGAA,0.375,8,3,4,0.3,0.7
AAGGCACC,0.625,8,3,4,0.3,0.7
AAGGTTCT,0.375,8,3,4,0.3,0.7
AAGGGAGT,0.5,8,3,4,0.3,0.7
ACAAACTG,0.375,8,3,4,0.3,0.7
ACAAAGAC,0.375,8,3,4,0.3,0.7
ACAACACA,0.375,8,3,4,0.3,0.7
ACAACTTC,0.375,8,3,4,0.3,0.7
ACAATCGA,0.375,8,3,4,0.3,0.7
ACAAGAGT,0.375,8,3,4,0.3,0.7
ACAAGCCC,0.625,8,3,4,0.3,0.7
ACACATAG,0.375,8,3,4,0.3,0.7
ACACCATT,0.375,8,3,4,0.3,0.7
ACACTACC,0.5,8,3,4,0.3,0.7
ACACTTGT,0.375,8,3,4,0.3,0.7
ACATACGT,0.375,8,3,4,0.3,0.7
ACATCAGG,0.5,8,3,4,0.3,0.7
ACATCTCT,0.375,8,3,4,0.3,0.7
ACATTGCA,0.375,8,3,4,0.3,0.7
ACATGATC,0.375,8,3,4,0.3,0.7
ACAGAGCG,0.625,8,3,4,0.3,0.7
ACAGCTAA,0.375,8,3,4,0.3,0.7
ACAGTCAT,0.375,8,3,4,0.3,0.7
ACAGTTTG,0.375,8,3,4,0.3,0.7
ACAGTGGC,0.625,8,3,4,0.3,0.7
ACCAACAT,0.375,8,3,4,0.3,0.7
ACCAAGTA,0.375,8,3,4,0.3,0.7
ACCACAAC,0.5,8,3,4,0.3,0.7
ACCACTGA,0.5,8,3,4,0.3,0.7
ACCATCCG,0.625,8,3,4,0.3,0.7
ACCCAATG,0.5,8,3,4,0.3,0.7
ACCCACCA,0.625,8,3,4,0.3,0.7
ACCCTCTT,0.5,8,3,4,0.3,0.7
ACCCTTAA,0.375,8,3,4,0.3,0.7
ACCTAAGC,0.5,8,3,4,0.3,0.7
ACCTCATA,0.375,8,3,4,0.3,0.7
ACCTCGAG,0.625,8,3,4,0.3,0.7
ACCTTACT,0.375,8,3,4,0.3,0.7
ACCTGTCA,0.5,8,3,4,0.3,0.7
ACCTGGTT,0.5,8,3,4,0.3,0.7
ACCGACTC,0.625,8,3,4,0.3,0.7
ACCGATGT,0.5,8,3,4,0.3,0.7
ACCGTTCC,0.625,8,3,4,0.3,0.7
ACCGGCAA,0.625,8,3,4,0.3,0.7
ACTAAAGG,0.375,8,3,4,0.3,0.7
ACTAATCC,0.375,8,3,4,0.3,0.7
ACTACCAA,0.375,8,3,4,0.3,0.7
ACTATGTG,0.375,8,3,4,0.3,0.7
ACTAGCTT,0.375,8,3,4,0.3,0.7
ACTAGGCA,0.5,8,3,4,0.3,0.7
ACTCACGC,0.625,8,3,4,0.3,0.7
ACTCAGAT,0.375,8,3,4,0.3,0.7
ACTCCCTG,0.625,8,3,4,0.3,0.7
ACTCTTTC,0.375,8,3,4,0.3,0.7
ACTCTGGA,0.5,8,3,4,0.3,0.7
ACTCGAAC,0.5,8,3,4,0.3,0.7
ACTCGTCG,0.625,8,3,4,0.3,0.7
ACTTACAG,0.375,8,3,4,0.3,0.7
ACTTAGTC,0.375,8,3,4,0.3,0.7
ACTTCTGC,0.5,8,3,4,0.3,0.7
ACTTTCCC,0.5,8,3,4,0.3,0.7
ACTGCGTA,0.5,8,3,4,0.3,0.7
ACTGGACT,0.5,8,3,4,0.3,0.7
ACTGGGAG,0.625,8,3,4,0.3,0.7
ACGAAATC,0.375,8,3,4,0.3,0.7
ACGAAGCT,0.5,8,3,4,0.3,0.7
ACGATAAG,0.375,8,3,4,0.3,0.7
ACGAGTAC,0.5,8,3,4,0.3,0.7
ACGCATTA,0.375,8,3,4,0.3,0.7
ACGCCAGA,0.625,8,3,4,0.3,0.7
ACGCCTAT,0.5,8,3,4,0.3,0.7
ACGCTCAC,0.625,8,3,4,0.3,0.7
ACGTAACA,0.375,8,3,4,0.3,0.7
ACGTAGGG,0.625,8,3,4,0.3,0.7
ACGTCCTC,0.625,8,3,4,0.3,0.7
ACGTGAAT,0.375,8,3,4,0.3,0.7
ACGGTATA,0.375,8,3,4,0.3,0.7
ACGGGTTT,0.5,8,3,4,0.3,0.7
ATAAACGC,0.375,8,3,4,0.3,0.7
ATAACTGG,0.375,8,3,4,0.3,0.7
ATAAGGTG,0.375,8,3,4,0.3,0.7
ATACCGCC,0.625,8,3,4,0.3,0.7
ATACGACT,0.375,8,3,4,0.3,0.7
ATACGTGC,0.5,8,3,4,0.3,0.7
ATATCGGT,0.375,8,3,4,0.3,0.7
ATATGCGA,0.375,8,3,4,0.3,0.7
ATAGAGTC,0.375,8,3,4,0.3,0.7
ATAGCACG,0.5,8,3,4,0.3,0.7
ATAGTCCC,0.5,8,3,4,0.3,0.7
ATAGTGAG,0.375,8,3,4,0.3,0.7
ATCACCAG,0.5,8,3,4,0.3,0.7
ATCACGTT,0.375,8,3,4,0.3,0.7
ATCATAGC,0.375,8,3,4,0.3,0.7
ATCAGACA,0.375,8,3,4,0.3,0.7
ATCCACGG,0.625,8,3,4,0.3,0.7
ATCCATTC,0.375,8,3,4,0.3,0.7
ATCCCGAA,0.5,8,3,4,0.3,0.7
ATCCTGCG,0.625,8,3,4,0.3,0.7
ATCCGCTA,0.5,8,3,4,0.3,0.7
ATCCGGGT,0.625,8,3,4,0.3,0.7
ATCTAACG,0.375,8,3,4,0.3,0.7
ATCTCTAC,0.375,8,3,4,0.3,0.7
ATCTTCCA,0.375,8,3,4,0.3,0.7
ATCTGCAT,0.375,8,3,4,0.3,0.7
ATCTGTTG,0.375,8,3,4,0.3,0.7
ATCGAAGA,0.375,8,3,4,0.3,0.7
ATCGCCCT,0.625,8,3,4,0.3,0.7
ATCGTGTA,0.375,8,3,4,0.3,0.7
ATCGGATC,0.5,8,3,4,0.3,0.7
ATTACACC,0.375,8,3,4,0.3,0.7
ATTACCGT,0.375,8,3,4,0.3,0.7
ATTAGGAC,0.375,8,3,4,0.3,0.7
ATTCAGTG,0.375,8,3,4,0.3,0.7
ATTCCAAG,0.375,8,3,4,0.3,0.7
ATTCTTGG,0.375,8,3,4,0.3,0.7
ATTTCTCG,0.375,8,3,4,0.3,0.7
ATTTGAGC,0.375,8,3,4,0.3,0.7
ATTGCCTC,0.5,8,3,4,0.3,0.7
ATTGCGGG,0.625,8,3,4,0.3,0.7
ATTGGCCG,0.625,8,3,4,0.3,0.7
ATTGGGTT,0.375,8,3,4,0.3,0.7
ATGACCCA,0.5,8,3,4,0.3,0.7
ATGATCTC,0.375,8,3,4,0.3,0.7
ATGATGGG,0.5,8,3,4,0.3,0.7
ATGAGTGT,0.375,8,3,4,0.3,0.7
ATGCAAAC,0.375,8,3,4,0.3,0.7
ATGCTAGT,0.375,8,3,4,0.3,0.7
ATGCGGCA,0.625,8,3,4,0.3,0.7
ATGTATGC,0.375,8,3,4,0.3,0.7
ATGTCACT,0.375,8,3,4,0.3,0.7
ATGTCCGG,0.625,8,3,4,0.3,0.7
ATGGAATG,0.375,8,3,4,0.3,0.7
ATGGCTTA,0.375,8,3,4,0.3,0.7
ATGGCGAC,0.625,8,3,4,0.3,0.7
ATGGTCAA,0.375,8,3,4,0.3,0.7
ATGGGTCC,0.625,8,3,4,0.3,0.7
AGAAACCA,0.375,8,3,4,0.3,0.7
AGAAAGGT,0.375,8,3,4,0.3,0.7
AGAACATG,0.375,8,3,4,0.3,0.7
AGAATGCG,0.5,8,3,4,0.3,0.7
AGACCGTA,0.5,8,3,4,0.3,0.7
AGACGAAG,0.5,8,3,4,0.3,0.7
AGATCAAC,0.375,8,3,4,0.3,0.7
AGATCCTT,0.375,8,3,4,0.3,0.7
AGATTTCC,0.375,8,3,4,0.3,0.7
AGATGACA,0.375,8,3,4,0.3,0.7
AGAGAACT,0.375,8,3,4,0.3,0.7
AGAGCAGA,0.5,8,3,4,0.3,0.7
AGAGGTAT,0.375,8,3,4,0.3,0.7
AGCAATCT,0.375,8,3,4,0.3,0.7
AGCATGGA,0.5,8,3,4,0.3,0.7
AGCAGCTG,0.625,8,3,4,0.3,0.7
AGCCAGTT,0.5,8,3,4,0.3,0.7
AGCCCATC,0.625,8,3,4,0.3,0.7
AGCCCTAG,0.625,8,3,4,0.3,0.7
AGCTACGA,0.5,8,3,4,0.3,0.7
AGCTTATG,0.375,8,3,4,0.3,0.7
AGCTGTGT,0.5,8,3,4,0.3,0.7
AGCGATTG,0.5,8,3,4,0.3,0.7
AGCGCGAT,0.625,8,3,4,0.3,0.7
AGTAACTC,0.375,8,3,4,0.3,0.7
AGTCACAA,0.375,8,3,4,0.3,0.7
AGTCAGCC,0.625,8,3,4,0.3,0.7
AGTCTTCT,0.375,8,3,4,0.3,0.7
AGTCGATA,0.375,8,3,4,0.3,0.7
AGTTCCCA,0.5,8,3,4,0.3,0.7
AGTTGCAC,0.5,8,3,4,0.3,0.7
AGTTGGCT,0.5,8,3,4,0.3,0.7
AGTGAAAG,0.375,8,3,4,0.3,0.7
AGTGACGT,0.5,8,3,4,0.3,0.7
AGTGTACC,0.5,8,3,4,0.3,0.7
AGTGTCTG,0.5,8,3,4,0.3,0.7
AGTGTGAA,0.375,8,3,4,0.3,0.7
AGTGGTTC,0.5,8,3,4,0.3,0.7
AGGACAAA,0.375,8,3,4,0.3,0.7
AGGACTGC,0.625,8,3,4,0.3,0.7
AGGATTCA,0.375,8,3,4,0.3,0.7
AGGATGAT,0.375,8,3,4,0.3,0.7
AGGAGACG,0.625,8,3,4,0.3,0.7
AGGCAAGG,0.625,8,3,4,0.3,0.7
AGGCGCTT,0.625,8,3,4,0.3,0.7
AGGCGTGA,0.625,8,3,4,0.3,0.7
AGGTATCG,0.5,8,3,4,0.3,0.7
AGGTTAGA,0.375,8,3,4,0.3,0.7
AGGTTGTC,0.5,8,3,4,0.3,0.7
AGGGATAC,0.5,8,3,4,0.3,0.7
AGGGTTGG,0.625,8,3,4,0.3,0.7
CAAACCGA,0.5,8,3,4,0.3,0.7
CAAACGCC,0.625,8,3,4,0.3,0.7
CAAATACG,0.375,8,3,4,0.3,0.7
CAAATCTC,0.375,8,3,4,0.3,0.7
CAAATGGT,0.375,8,3,4,0.3,0.7
CAAAGCAT,0.375,8,3,4,0.3,0.7
CAAAGTTG,0.375,8,3,4,0.3,0.7
CAACCATA,0.375,8,3,4,0.3,0.7
CAACCTCT,0.5,8,3,4,0.3,0.7
CAACTTAG,0.375,8,3,4,0.3,0.7
CAATACCT,0.375,8,3,4,0.3,0.7
CAATAGGG,0.5,8,3,4,0.3,0.7
CAATCAGT,0.375,8,3,4,0.3,0.7
CAATGTGA,0.375,8,3,4,0.3,0.7
CAAGAACC,0.5,8,3,4,0.3,0.7
CAAGCCTG,0.625,8,3,4,0.3,0.7
CAAGCGAA,0.5,8,3,4,0.3,0.7
CAAGTTCA,0.375,8,3,4,0.3,0.7
CAAGGGCT,0.625,8,3,4,0.3,0.7
CACAACAG,0.5,8,3,4,0.3,0.7
CACAAGTC,0.5,8,3,4,0.3,0.7
CACACTAT,0.375,8,3,4,0.3,0.7
CACATCCA,0.5,8,3,4,0.3,0.7
CACAGAAA,0.375,8,3,4,0.3,0.7
CACCAAGG,0.625,8,3,4,0.3,0.7
CACCAGCA,0.625,8,3,4,0.3,0.7
CACCCGTT,0.625,8,3,4,0.3,0.7
CACCTTTA,0.375,8,3,4,0.3,0.7
CACCGTAC,0.625,8,3,4,0.3,0.7
CACTAAAC,0.375,8,3,4,0.3,0.7
CACTCATG,0.5,8,3,4,0.3,0.7
CACTTCTT,0.375,8,3,4,0.3,0.7
CACTTGAA,0.375,8,3,4,0.3,0.7
CACGAATT,0.375,8,3,4,0.3,0.7
CACGACGA,0.625,8,3,4,0.3,0.7
CACGTGTG,0.625,8,3,4,0.3,0.7
CATACATC,0.375,8,3,4,0.3,0.7
CATATTCC,0.375,8,3,4,0.3,0.7
CATAGCTA,0.375,8,3,4,0.3,0.7
CATCACCC,0.625,8,3,4,0.3,0.7
CATCCCAT,0.5,8,3,4,0.3,0.7
CATCTAGA,0.375,8,3,4,0.3,0.7
CATCGTTT,0.375,8,3,4,0.3,0.7
CATTATCG,0.375,8,3,4,0.3,0.7
CATTCACA,0.375,8,3,4,0.3,0.7
CATTCCGC,0.625,8,3,4,0.3,0.7
CATTTGCT,0.375,8,3,4,0.3,0.7
CATTGAGG,0.5,8,3,4,0.3,0.7
CATTGGTC,0.5,8,3,4,0.3,0.7
CATGAGAC,0.5,8,3,4,0.3,0.7
CATGCGGT,0.625,8,3,4,0.3,0.7
CATGTAAG,0.375,8,3,4,0.3,0.7
CAGAAAGC,0.5,8,3,4,0.3,0.7
CAGAATCA,0.375,8,3,4,0.3,0.7
CAGACACT,0.5,8,3,4,0.3,0.7
CAGATCGG,0.625,8,3,4,0.3,0.7
CAGAGGAG,0.625,8,3,4,0.3,0.7
CAGCAAAT,0.375,8,3,4,0.3,0.7
CAGCATTC,0.5,8,3,4,0.3,0.7
CAGTAGTT,0.375,8,3,4,0.3,0.7
CAGTCCTA,0.5,8,3,4,0.3,0.7
CAGTCTCC,0.625,8,3,4,0.3,0.7
CAGGATAG,0.5,8,3,4,0.3,0.7
CAGGTCAC,0.625,8,3,4,0.3,0.7
CAGGTGGA,0.625,8,3,4,0.3,0.7
CAGGGACA,0.625,8,3,4,0.3,0.7
CCAAACAA,0.375,8,3,4,0.3,0.7
CCAAATGC,0.5,8,3,4,0.3,0.7
CCAACTCG,0.625,8,3,4,0.3,0.7
CCAACGTT,0.5,8,3,4,0.3,0.7
CCAATAAC,0.375,8,3,4,0.3,0.7
CCAAGGGA,0.625,8,3,4,0.3,0.7
CCACAAGA,0.5,8,3,4,0.3,0.7
CCACATTT,0.375,8,3,4,0.3,0.7
CCACTCTA,0.5,8,3,4,0.3,0.7
CCACGATG,0.625,8,3,4,0.3,0.7
CCACGTAA,0.5,8,3,4,0.3,0.7
CCATAAAG,0.375,8,3,4,0.3,0.7
CCATATCA,0.375,8,3,4,0.3,0.7
CCATCGAC,0.625,8,3,4,0.3,0.7
CCATTCGG,0.625,8,3,4,0.3,0.7
CCATGCTT,0.5,8,3,4,0.3,0.7
CCAGAGAT,0.5,8,3,4,0.3,0.7
CCAGTACT,0.5,8,3,4,0.3,0.7
CCAGGTTC,0.625,8,3,4,0.3,0.7
CCCAAACT,0.5,8,3,4,0.3,0.7
CCCATCGT,0.625,8,3,4,0.3,0.7
CCCATTAG,0.5,8,3,4,0.3,0.7
CCCAGATC,0.625,8,3,4,0.3,0.7
CCCTATAT,0.375,8,3,4,0.3,0.7
CCCTAGTG,0.625,8,3,4,0.3,0.7
CCCTCCAA,0.625,8,3,4,0.3,0.7
CCCTTTGC,0.625,8,3,4,0.3,0.7
CCCGCAAT,0.625,8,3,4,0.3,0.7
CCCGCTTA,0.625,8,3,4,0.3,0.7
CCTAATTG,0.375,8,3,4,0.3,0.7
CCTAAGGT,0.5,8,3,4,0.3,0.7
CCTACCCT,0.625,8,3,4,0.3,0.7
CCTACTAC,0.5,8,3,4,0.3,0.7
CCTAGACG,0.625,8,3,4,0.3,0.7
CCTCCAGT,0.625,8,3,4,0.3,0.7
CCTCCTCA,0.625,8,3,4,0.3,0.7
CCTCTGTT,0.5,8,3,4,0.3,0.7
CCTTAACC,0.5,8,3,4,0.3,0.7
CCTTACGA,0.5,8,3,4,0.3,0.7
CCTTTATG,0.375,8,3,4,0.3,0.7
CCTTGGAT,0.5,8,3,4,0.3,0.7
CCTGAATA,0.375,8,3,4,0.3,0.7
CCTGATCT,0.5,8,3,4,0.3,0.7
CCTGTAGC,0.625,8,3,4,0.3,0.7
CCTGTTAA,0.375,8,3,4,0.3,0.7
CCGATAGA,0.5,8,3,4,0.3,0.7
CCGATTTC,0.5,8,3,4,0.3,0.7
CCGCAGAA,0.625,8,3,4,0.3,0.7
CCGCTTCT,0.625,8,3,4,0.3,0.7
CCGTCATT,0.5,8,3,4,0.3,0.7
CCGTCTAG,0.625,8,3,4,0.3,0.7
CCGTTGTA,0.5,8,3,4,0.3,0.7
CCGGAAAC,0.625,8,3,4,0.3,0.7
CTAACAAG,0.375,8,3,4,0.3,0.7
CTAATGCA,0.375,8,3,4,0.3,0.7
CTAAGAGC,0.5,8,3,4,0.3,0.7
CTAAGTCT,0.375,8,3,4,0.3,0.7
CTACACAC,0.5,8,3,4,0.3,0.7
CTACATGG,0.5,8,3,4,0.3,0.7
CTACAGTA,0.375,8,3,4,0.3,0.7
CTACCTTC,0.5,8,3,4,0.3,0.7
CTACCGAT,0.5,8,3,4,0.3,0.7
CTACTCCG,0.625,8,3,4,0.3,0.7
CTATACTG,0.375,8,3,4,0.3,0.7
CTATGCCC,0.625,8,3,4,0.3,0.7
CTATGGAA,0.375,8,3,4,0.3,0.7
CTAGAAGT,0.375,8,3,4,0.3,0.7
CTAGACCA,0.5,8,3,4,0.3,0.7
CTAGTATC,0.375,8,3,4,0.3,0.7
CTCAACTA,0.375,8,3,4,0.3,0.7
CTCAATGT,0.375,8,3,4,0.3,0.7
CTCAAGCG,0.625,8,3,4,0.3,0.7
CTCACTTG,0.5,8,3,4,0.3,0.7
CTCACGGA,0.625,8,3,4,0.3,0.7
CTCCAACC,0.625,8,3,4,0.3,0.7
CTCCATAA,0.375,8,3,4,0.3,0.7
CTCCTGAC,0.625,8,3,4,0.3,0.7
CTCCGAAG,0.625,8,3,4,0.3,0.7
CTCTAGGC,0.625,8,3,4,0.3,0.7
CTCTCTCT,0.5,8,3,4,0.3,0.7
CTCTTAGT,0.375,8,3,4,0.3,0.7
CTCGACAT,0.5,8,3,4,0.3,0.7
CTCGTAAA,0.375,8,3,4,0.3,0.7
CTCGTTGG,0.625,8,3,4,0.3,0.7
CTCGTGCT,0.625,8,3,4,0.3,0.7
CTCGGTCA,0.625,8,3,4,0.3,0.7
CTTAACGG,0.5,8,3,4,0.3,0.7
CTTATCAC,0.375,8,3,4,0.3,0.7
CTTAGTAG,0.375,8,3,4,0.3,0.7
CTTCAGCT,0.5,8,3,4,0.3,0.7
CTTCCCTA,0.5,8,3,4,0.3,0.7
CTTCGATC,0.5,8,3,4,0.3,0.7
CTTCGTGA,0.5,8,3,4,0.3,0.7
CTTTCCAG,0.5,8,3,4,0.3,0.7
CTTTCGTT,0.375,8,3,4,0.3,0.7
CTTTGGCG,0.625,8,3,4,0.3,0.7
CTTGCAAC,0.5,8,3,4,0.3,0.7
CTTGCGCA,0.625,8,3,4,0.3,0.7
CTGAACCC,0.625,8,3,4,0.3,0.7
CTGACTAA,0.375,8,3,4,0.3,0.7
CTGACGTC,0.625,8,3,4,0.3,0.7
CTGATTCG,0.5,8,3,4,0.3,0.7
CTGAGATT,0.375,8,3,4,0.3,0.7
CTGAGCGA,0.625,8,3,4,0.3,0.7
CTGCCACA,0.625,8,3,4,0.3,0.7
CTGCCTGT,0.625,8,3,4,0.3,0.7
CTGCTATG,0.5,8,3,4,0.3,0.7
CTGTTACC,0.5,8,3,4,0.3,0.7
CTGTTCAT,0.375,8,3,4,0.3,0.7
CTGTTTGA,0.375,8,3,4,0.3,0.7
CTGTGTTC,0.5,8,3,4,0.3,0.7
CTGTGGGT,0.625,8,3,4,0.3,0.7
CTGGGTAT,0.5,8,3,4,0.3,0.7
CGAAACTT,0.375,8,3,4,0.3,0.7
CGAAAGAG,0.5,8,3,4,0.3,0.7
CGAATTGG,0.5,8,3,4,0.3,0.7
CGAAGATA,0.375,8,3,4,0.3,0.7
CGACCTGA,0.625,8,3,4,0.3,0.7
CGACTATT,0.375,8,3,4,0.3,0.7
CGATACGC,0.625,8,3,4,0.3,0.7
CGATCTTG,0.5,8,3,4,0.3,0.7
CGATTGAT,0.375,8,3,4,0.3,0.7
CGATGCAG,0.625,8,3,4,0.3,0.7
CGAGAATG,0.5,8,3,4,0.3,0.7
CGAGCCAT,0.625,8,3,4,0.3,0.7
CGAGTGTA,0.5,8,3,4,0.3,0.7
CGCAGTTT,0.5,8,3,4,0.3,0.7
CGCCAATA,0.5,8,3,4,0.3,0.7
CGCTATCC,0.625,8,3,4,0.3,0.7
CGCTCGTA,0.625,8,3,4,0.3,0.7
CGCGTTAC,0.625,8,3,4,0.3,0.7
CGTACAAT,0.375,8,3,4,0.3,0.7
CGTACTTA,0.375,8,3,4,0.3,0.7
CGTATCGA,0.5,8,3,4,0.3,0.7
CGTATGTC,0.5,8,3,4,0.3,0.7
CGTCAAAC,0.5,8,3,4,0.3,0.7
CGTCCATG,0.625,8,3,4,0.3,0.7
CGTCTGCA,0.625,8,3,4,0.3,0.7
CGTTAAGT,0.375,8,3,4,0.3,0.7
CGTTAGAA,0.375,8,3,4,0.3,0.7
CGTGATGG,0.625,8,3,4,0.3,0.7
CGTGTCCT,0.625,8,3,4,0.3,0.7
CGTGGAAA,0.5,8,3,4,0.3,0.7
CGGAATAT,0.375,8,3,4,0.3,0.7
CGGAAGGA,0.625,8,3,4,0.3,0.7
CGGCTAAA,0.5,8,3,4,0.3,0.7
CGGTAATC,0.5,8,3,4,0.3,0.7
CGGTACCA,0.625,8,3,4,0.3,0.7
CGGTTCTG,0.625,8,3,4,0.3,0.7
CGGTGACT,0.625,8,3,4,0.3,0.7
CGGGATTA,0.5,8,3,4,0.3,0.7
TAAACGTG,0.375,8,3,4,0.3,0.7
TAAAGACC,0.375,8,3,4,0.3,0.7
TAACCCTT,0.375,8,3,4,0.3,0.7
TAACTTCC,0.375,8,3,4,0.3,0.7
TAACGAGT,0.375,8,3,4,0.3,0.7
TAACGCAC,0.5,8,3,4,0.3,0.7
TAATCTGC,0.375,8,3,4,0.3,0.7
TAATGTCG,0.375,8,3,4,0.3,0.7
TAAGCCCA,0.5,8,3,4,0.3,0.7
TAAGGGTC,0.5,8,3,4,0.3,0.7
TACAACCT,0.375,8,3,4,0.3,0.7
TACAAGGA,0.375,8,3,4,0.3,0.7
TACACCGC,0.625,8,3,4,0.3,0.7
TACACTCA,0.375,8,3,4,0.3,0.7
TACAGATG,0.375,8,3,4,0.3,0.7
TACCAATC,0.375,8,3,4,0.3,0.7
TACCCACG,0.625,8,3,4,0.3,0.7
TACCTCTG,0.5,8,3,4,0.3,0.7
TACCTGGC,0.625,8,3,4,0.3,0.7
TACCGCGA,0.625,8,3,4,0.3,0.7
TACTAGCG,0.5,8,3,4,0.3,0.7
TACTCCAT,0.375,8,3,4,0.3,0.7
TACGATCC,0.5,8,3,4,0.3,0.7
TACGCTAG,0.5,8,3,4,0.3,0.7
TACGCGCT,0.625,8,3,4,0.3,0.7
TACGTCAA,0.375,8,3,4,0.3,0.7
TACGGAGC,0.625,8,3,4,0.3,0.7
TATACAGG,0.375,8,3,4,0.3,0.7
TATAGGCT,0.375,8,3,4,0.3,0.7
TATCTCGT,0.375,8,3,4,0.3,0.7
TATCGCCG,0.625,8,3,4,0.3,0.7
TATTCCTG,0.375,8,3,4,0.3,0.7
TATTCGAC,0.375,8,3,4,0.3,0.7
TATTGGGA,0.375,8,3,4,0.3,0.7
TATGAACG,0.375,8,3,4,0.3,0.7
TATGTGCC,0.5,8,3,4,0.3,0.7
TAGACTAC,0.375,8,3,4,0.3,0.7
TAGAGCTT,0.375,8,3,4,0.3,0.7
TAGAGTGA,0.375,8,3,4,0.3,0.7
TAGCAACA,0.375,8,3,4,0.3,0.7
TAGCATGT,0.375,8,3,4,0.3,0.7
TAGCCTTA,0.375,8,3,4,0.3,0.7
TAGCCGAG,0.625,8,3,4,0.3,0.7
TAGTTACG,0.375,8,3,4,0.3,0.7
TAGTTCTC,0.375,8,3,4,0.3,0.7
TAGTGCGG,0.625,8,3,4,0.3,0.7
TAGTGGAT,0.375,8,3,4,0.3,0.7
TAGGAGGG,0.625,8,3,4,0.3,0.7
TAGGCAAT,0.375,8,3,4,0.3,0.7
TAGGTTTG,0.375,8,3,4,0.3,0.7
TCAACAGC,0.5,8,3,4,0.3,0.7
TCAATGAG,0.375,8,3,4,0.3,0.7
TCACAGGT,0.5,8,3,4,0.3,0.7
TCACCAAA,0.375,8,3,4,0.3,0.7
TCACTGTC,0.5,8,3,4,0.3,0.7
TCACGCCA,0.625,8,3,4,0.3,0.7
TCATACCG,0.5,8,3,4,0.3,0.7
TCATCGTA,0.375,8,3,4,0.3,0.7
TCATGACT,0.375,8,3,4,0.3,0.7
TCATGCGC,0.625,8,3,4,0.3,0.7
TCAGAAGG,0.5,8,3,4,0.3,0.7
TCAGCCTC,0.625,8,3,4,0.3,0.7
TCAGTTGA,0.375,8,3,4,0.3,0.7
TCAGGCAG,0.625,8,3,4,0.3,0.7
TCCACCTT,0.5,8,3,4,0.3,0.7
TCCATAGG,0.5,8,3,4,0.3,0.7
TCCATGCA,0.5,8,3,4,0.3,0.7
TCCAGTCC,0.625,8,3,4,0.3,0.7
TCCCACAC,0.625,8,3,4,0.3,0.7
TCCCTTCG,0.625,8,3,4,0.3,0.7
TCCCTGAT,0.5,8,3,4,0.3,0.7
TCCCGTTT,0.5,8,3,4,0.3,0.7
TCCTAGAA,0.375,8,3,4,0.3,0.7
TCCTCGGT,0.625,8,3,4,0.3,0.7
TCCTTATC,0.375,8,3,4,0.3,0.7
TCCTGTGG,0.625,8,3,4,0.3,0.7
TCCGAACA,0.5,8,3,4,0.3,0.7
TCCGAGTT,0.5,8,3,4,0.3,0.7
TCCGCATG,0.625,8,3,4,0.3,0.7
TCTATCTC,0.375,8,3,4,0.3,0.7
TCTAGTGT,0.375,8,3,4,0.3,0.7
TCTCAAAG,0.375,8,3,4,0.3,0.7
TCTCCCGA,0.625,8,3,4,0.3,0.7
TCTCCGCT,0.625,8,3,4,0.3,0.7
TCTTCACG,0.5,8,3,4,0.3,0.7
TCTTGCTA,0.375,8,3,4,0.3,0.7
TCTTGGCC,0.625,8,3,4,0.3,0.7
TCTGATAC,0.375,8,3,4,0.3,0.7
TCTGCTTT,0.375,8,3,4,0.3,0.7
TCTGGAGA,0.5,8,3,4,0.3,0.7
TCGAAACG,0.5,8,3,4,0.3,0.7
TCGACTCT,0.5,8,3,4,0.3,0.7
TCGACGAA,0.5,8,3,4,0.3,0.7
TCGATGGT,0.5,8,3,4,0.3,0.7
TCGCAATT,0.375,8,3,4,0.3,0.7
TCGCGGTA,0.625,8,3,4,0.3,0.7
TCGTATTG,0.375,8,3,4,0.3,0.7
TCGTTTAC,0.375,8,3,4,0.3,0.7
TCGGACTA,0.5,8,3,4,0.3,0.7
TTAAAGGG,0.375,8,3,4,0.3,0.7
TTAACCCG,0.5,8,3,4,0.3,0.7
TTAAGCTC,0.375,8,3,4,0.3,0.7
TTACAAGC,0.375,8,3,4,0.3,0.7
TTACCATG,0.375,8,3,4,0.3,0.7
TTACTCGA,0.375,8,3,4,0.3,0.7
TTACTGCT,0.375,8,3,4,0.3,0.7
TTATTGGC,0.375,8,3,4,0.3,0.7
TTATGAGG,0.375,8,3,4,0.3,0.7
TTAGATCG,0.375,8,3,4,0.3,0.7
TTAGCGTT,0.375,8,3,4,0.3,0.7
TTAGGGCA,0.5,8,3,4,0.3,0.7
TTCACACT,0.375,8,3,4,0.3,0.7
TTCATCCC,0.5,8,3,4,0.3,0.7
TTCAGAAC,0.375,8,3,4,0.3,0.7
TTCAGCGG,0.625,8,3,4,0.3,0.7
TTCAGGTA,0.375,8,3,4,0.3,0.7
TTCCCTGC,0.625,8,3,4,0.3,0.7
TTCTACAG,0.375,8,3,4,0.3,0.7
TTCGACGC,0.625,8,3,4,0.3,0.7
TTCGTCTT,0.375,8,3,4,0.3,0.7
TTCGGTGT,0.5,8,3,4,0.3,0.7
TTCGGGAG,0.625,8,3,4,0.3,0.7
TTTACGGC,0.5,8,3,4,0.3,0.7
TTTATGCG,0.375,8,3,4,0.3,0.7
TTTAGCCA,0.375,8,3,4,0.3,0.7
TTTCACTC,0.375,8,3,4,0.3,0.7
TTTCGCAT,0.375,8,3,4,0.3,0.7
TTTCGTCC,0.5,8,3,4,0.3,0.7
TTTGACCT,0.375,8,3,4,0.3,0.7
TTTGTCAG,0.375,8,3,4,0.3,0.7
TTTGTTGC,0.375,8,3,4,0.3,0.7
TTTGGATG,0.375,8,3,4,0.3,0.7
TTGAAGAC,0.375,8,3,4,0.3,0.7
TTGAGTTG,0.375,8,3,4,0.3,0.7
TTGCACAA,0.375,8,3,4,0.3,0.7
TTGCCGGA,0.625,8,3,4,0.3,0.7
TTGCTTAG,0.375,8,3,4,0.3,0.7
TTGTACGT,0.375,8,3,4,0.3,0.7
TTGTCCAC,0.5,8,3,4,0.3,0.7
TTGTCGCG,0.625,8,3,4,0.3,0.7
TTGTGACA,0.375,8,3,4,0.3,0.7
TTGGAACC,0.5,8,3,4,0.3,0.7
TTGGCAGG,0.625,8,3,4,0.3,0.7
TTGGTTCA,0.375,8,3,4,0.3,0.7
TGAAACAC,0.375,8,3,4,0.3,0.7
TGAACCTA,0.375,8,3,4,0.3,0.7
TGAACTGT,0.375,8,3,4,0.3,0.7
TGAAGTAG,0.375,8,3,4,0.3,0.7
TGAAGGTT,0.375,8,3,4,0.3,0.7
TGACACGG,0.625,8,3,4,0.3,0.7
TGACATTC,0.375,8,3,4,0.3,0.7
TGACAGCA,0.5,8,3,4,0.3,0.7
TGACCACC,0.625,8,3,4,0.3,0.7
TGATCGAG,0.5,8,3,4,0.3,0.7
TGATTCCA,0.375,8,3,4,0.3,0.7
TGAGAGGC,0.625,8,3,4,0.3,0.7
TGAGTAAC,0.375,8,3,4,0.3,0.7
TGAGGACG,0.625,8,3,4,0.3,0.7
TGCAAAGT,0.375,8,3,4,0.3,0.7
TGCAAGCC,0.625,8,3,4,0.3,0.7
TGCATCAT,0.375,8,3,4,0.3,0.7
TGCATTTG,0.375,8,3,4,0.3,0.7
TGCCCAAT,0.5,8,3,4,0.3,0.7
TGCCGTAA,0.5,8,3,4,0.3,0.7
TGCTACTT,0.375,8,3,4,0.3,0.7
TGCTCAGA,0.5,8,3,4,0.3,0.7
TGCTCTCG,0.625,8,3,4,0.3,0.7
TGCTTGAC,0.5,8,3,4,0.3,0.7
TGCTGAAG,0.5,8,3,4,0.3,0.7
TGCGATGA,0.5,8,3,4,0.3,0.7
TGCGCTTC,0.625,8,3,4,0.3,0.7
TGCGGATT,0.5,8,3,4,0.3,0.7
TGTACTCC,0.5,8,3,4,0.3,0.7
TGTAGCGC,0.625,8,3,4,0.3,0.7
TGTAGGAA,0.375,8,3,4,0.3,0.7
TGTCCCAG,0.625,8,3,4,0.3,0.7
TGTCTATC,0.375,8,3,4,0.3,0.7
TGTCTGGG,0.625,8,3,4,0.3,0.7
TGTCGTTG,0.5,8,3,4,0.3,0.7
TGTTAGTG,0.375,8,3,4,0.3,0.7
TGTTCCGT,0.5,8,3,4,0.3,0.7
TGTGCATA,0.375,8,3,4,0.3,0.7
TGTGTGTT,0.375,8,3,4,0.3,0.7
TGGATACT,0.375,8,3,4,0.3,0.7
TGGAGATC,0.5,8,3,4,0.3,0.7
TGGCACCT,0.625,8,3,4,0.3,0.7
TGGCCGTT,0.625,8,3,4,0.3,0.7
TGGTCATG,0.5,8,3,4,0.3,0.7
TGGTGTGC,0.625,8,3,4,0.3,0.7
TGGGCCAA,0.625,8,3,4,0.3,0.7
TGGGTCGT,0.625,8,3,4,0.3,0.7
TGGGTGAG,0.625,8,3,4,0.3,0.7
GAAACTAG,0.375,8,3,4,0.3,0.7
GAAAGCGC,0.625,8,3,4,0.3,0.7
GAACAGAT,0.375,8,3,4,0.3,0.7
GAACTATC,0.375,8,3,4,0.3,0.7
GAACTGGG,0.625,8,3,4,0.3,0.7
GAATCACC,0.5,8,3,4,0.3,0.7
GAATCGTT,0.375,8,3,4,0.3,0.7
GAATTCTG,0.375,8,3,4,0.3,0.7
GAATGCAA,0.375,8,3,4,0.3,0.7
GAAGATCT,0.375,8,3,4,0.3,0.7
GAAGCCAC,0.625,8,3,4,0.3,0.7
GAAGCTGA,0.5,8,3,4,0.3,0.7
GAAGGATG,0.5,8,3,4,0.3,0.7
GACAATAC,0.375,8,3,4,0.3,0.7
GACACGAA,0.5,8,3,4,0.3,0.7
GACATAGA,0.375,8,3,4,0.3,0.7
GACAGTCG,0.625,8,3,4,0.3,0.7
GACAGGGT,0.625,8,3,4,0.3,0.7
GACCACTT,0.5,8,3,4,0.3,0.7
GACTAACT,0.375,8,3,4,0.3,0.7
GACTCCGA,0.625,8,3,4,0.3,0.7
GACTTTGT,0.375,8,3,4,0.3,0.7
GACTTGCC,0.625,8,3,4,0.3,0.7
GACTGTTA,0.375,8,3,4,0.3,0.7
GACGCATC,0.625,8,3,4,0.3,0.7
GATAAGCA,0.375,8,3,4,0.3,0.7
GATACTCT,0.375,8,3,4,0.3,0.7
GATATGAC,0.375,8,3,4,0.3,0.7
GATAGAAG,0.375,8,3,4,0.3,0.7
GATCAATG,0.375,8,3,4,0.3,0.7
GATCCAAA,0.375,8,3,4,0.3,0.7
GATTACGG,0.5,8,3,4,0.3,0.7
GATTCTTC,0.375,8,3,4,0.3,0.7
GATGCCTA,0.5,8,3,4,0.3,0.7
GATGTCGC,0.625,8,3,4,0.3,0.7
GATGGACC,0.625,8,3,4,0.3,0.7
GATGGCAT,0.5,8,3,4,0.3,0.7
GAGACATA,0.375,8,3,4,0.3,0.7
GAGCACAG,0.625,8,3,4,0.3,0.7
GAGCTTAA,0.375,8,3,4,0.3,0.7
GAGCTGCT,0.625,8,3,4,0.3,0.7
GAGTAGGA,0.5,8,3,4,0.3,0.7
GAGTCCCT,0.625,8,3,4,0.3,0.7
GAGTTAGC,0.5,8,3,4,0.3,0.7
GAGTGATT,0.375,8,3,4,0.3,0.7
GAGGAGTC,0.625,8,3,4,0.3,0.7
GCAACCGT,0.625,8,3,4,0.3,0.7
GCAATATG,0.375,8,3,4,0.3,0.7
GCAAGTGG,0.625,8,3,4,0.3,0.7
GCAAGGTC,0.625,8,3,4,0.3,0.7
GCACTTAC,0.5,8,3,4,0.3,0.7
GCACGTCT,0.625,8,3,4,0.3,0.7
GCATCCAG,0.625,8,3,4,0.3,0.7
GCATTAGT,0.375,8,3,4,0.3,0.7
GCAGACTT,0.5,8,3,4,0.3,0.7
GCAGTAAA,0.375,8,3,4,0.3,0.7
GCCAACGA,0.625,8,3,4,0.3,0.7
GCCATAAT,0.375,8,3,4,0.3,0.7
GCCATTTA,0.375,8,3,4,0.3,0.7
GCCCGAAA,0.625,8,3,4,0.3,0.7
GCCTATCG,0.625,8,3,4,0.3,0.7
GCCGGTAT,0.625,8,3,4,0.3,0.7
GCTATACA,0.375,8,3,4,0.3,0.7
GCTATTGC,0.5,8,3,4,0.3,0.7
GCTAGCAC,0.625,8,3,4,0.3,0.7
GCTCACCT,0.625,8,3,4,0.3,0.7
GCTCTCAA,0.5,8,3,4,0.3,0.7
GCTCGATT,0.5,8,3,4,0.3,0.7
GCTTCCTT,0.5,8,3,4,0.3,0.7
GCTTTAAC,0.375,8,3,4,0.3,0.7
GCTTGTTG,0.5,8,3,4,0.3,0.7
GCTGAAAT,0.375,8,3,4,0.3,0.7
GCTGAGTG,0.625,8,3,4,0.3,0.7
GCGAATAA,0.375,8,3,4,0.3,0.7
GCGATCCT,0.625,8,3,4,0.3,0.7
GCGAGCTA,0.625,8,3,4,0.3,0.7
GCGAGGAT,0.625,8,3,4,0.3,0.7
GCGCTTTG,0.625,8,3,4,0.3,0.7
GCGTTTCA,0.5,8,3,4,0.3,0.7
GCGTTGAG,0.625,8,3,4,0.3,0.7
GCGGTTGT,0.625,8,3,4,0.3,0.7
GTAAATCC,0.375,8,3,4,0.3,0.7
GTAACCAA,0.375,8,3,4,0.3,0.7
GTAACGCT,0.5,8,3,4,0.3,0.7
GTAATCGG,0.5,8,3,4,0.3,0.7
GTAAGACG,0.5,8,3,4,0.3,0.7
GTACAAAG,0.375,8,3,4,0.3,0.7
GTACCAGT,0.5,8,3,4,0.3,0.7
GTACTGAA,0.375,8,3,4,0.3,0.7
GTATCCTC,0.5,8,3,4,0.3,0.7
GTATTTCG,0.375,8,3,4,0.3,0.7
GTATGTGT,0.375,8,3,4,0.3,0.7
GTAGCTAT,0.375,8,3,4,0.3,0.7
GTAGGCCT,0.625,8,3,4,0.3,0.7
GTAGGTTA,0.375,8,3,4,0.3,0.7
GTAGGGAC,0.625,8,3,4,0.3,0.7
GTCAAGAT,0.375,8,3,4,0.3,0.7
GTCAGTGC,0.625,8,3,4,0.3,0.7
GTCCATCT,0.5,8,3,4,0.3,0.7
GTCCAGGA,0.625,8,3,4,0.3,0.7
GTCCCATA,0.5,8,3,4,0.3,0.7
GTCCTGTT,0.5,8,3,4,0.3,0.7
GTCTACCC,0.625,8,3,4,0.3,0.7
GTCTCAGC,0.625,8,3,4,0.3,0.7
GTCTCGTG,0.625,8,3,4,0.3,0.7
GTCTTAAG,0.375,8,3,4,0.3,0.7
GTCGACTG,0.625,8,3,4,0.3,0.7
GTCGTCGA,0.625,8,3,4,0.3,0.7
GTTACAGA,0.375,8,3,4,0.3,0.7
GTTCAACA,0.375,8,3,4,0.3,0.7
GTTCCGAC,0.625,8,3,4,0.3,0.7
GTTCGAGG,0.625,8,3,4,0.3,0.7
GTTTAGGT,0.375,8,3,4,0.3,0.7
GTTTGTAC,0.375,8,3,4,0.3,0.7
GTTGAATC,0.375,8,3,4,0.3,0.7
GTTGATAG,0.375,8,3,4,0.3,0.7
GTTGCTCC,0.625,8,3,4,0.3,0.7
GTGACAAC,0.5,8,3,4,0.3,0.7
GTGACCTT,0.5,8,3,4,0.3,0.7
GTGATGCC,0.625,8,3,4,0.3,0.7
GTGAGCAG,0.625,8,3,4,0.3,0.7
GTGCGAAT,0.5,8,3,4,0.3,0.7
GTGTAAGG,0.5,8,3,4,0.3,0.7
GTGTACTA,0.375,8,3,4,0.3,0.7
GTGGATTT,0.375,8,3,4,0.3,0.7
GTGGTACG,0.625,8,3,4,0.3,0.7
GTGGTGAT,0.5,8,3,4,0.3,0.7
GTGGGAGA,0.625,8,3,4,0.3,0.7
GGAAATTG,0.375,8,3,4,0.3,0.7
GGAACTCA,0.5,8,3,4,0.3,0.7
GGAACGAC,0.625,8,3,4,0.3,0.7
GGAATAGC,0.5,8,3,4,0.3,0.7
GGAAGAAT,0.375,8,3,4,0.3,0.7
GGACATGT,0.5,8,3,4,0.3,0.7
GGACTACG,0.625,8,3,4,0.3,0.7
GGACGAGA,0.625,8,3,4,0.3,0.7
GGATAGTA,0.375,8,3,4,0.3,0.7
GGATTTGA,0.375,8,3,4,0.3,0.7
GGATGTTC,0.5,8,3,4,0.3,0.7
GGAGTGGT,0.625,8,3,4,0.3,0.7
GGCAAACA,0.5,8,3,4,0.3,0.7
GGCATCTC,0.625,8,3,4,0.3,0.7
GGCATGAG,0.625,8,3,4,0.3,0.7
GGCAGCAA,0.625,8,3,4,0.3,0.7
GGCCCTTT,0.625,8,3,4,0.3,0.7
GGCCTAAC,0.625,8,3,4,0.3,0.7
GGCCTTCA,0.625,8,3,4,0.3,0.7
GGCTGGAT,0.625,8,3,4,0.3,0.7
GGCGTACT,0.625,8,3,4,0.3,0.7
GGTAACAT,0.375,8,3,4,0.3,0.7
GGTAATGA,0.375,8,3,4,0.3,0.7
GGTACCTG,0.625,8,3,4,0.3,0.7
GGTACGGT,0.625,8,3,4,0.3,0.7
GGTCTAGT,0.5,8,3,4,0.3,0.7
GGTTAACG,0.5,8,3,4,0.3,0.7
GGTTCTAA,0.375,8,3,4,0.3,0.7
GGTTTGGC,0.625,8,3,4,0.3,0.7
GGTTGCGA,0.625,8,3,4,0.3,0.7
GGTGTTAT,0.375,8,3,4,0.3,0.7
GGTGGTCA,0.625,8,3,4,0.3,0.7
GGGAAGTT,0.5,8,3,4,0.3,0.7
GGGCTCAT,0.625,8,3,4,0.3,0.7
GGGCTGTA,0.625,8,3,4,0.3,0.7
GGGTAGAC,0.625,8,3,4,0.3,0.7
GGGTCACA,0.625,8,3,4,0.3,0.7
